team,group,formation,starter_order,lineup_role,shirt_number,player_name,source_url
Czechia,A,3-4-2-1,1,GK,1,Kovár,https://mylineups.app/world-cup-2026/teams/czechia
Czechia,A,3-4-2-1,2,DEF,6,Chaloupek,https://mylineups.app/world-cup-2026/teams/czechia
Czechia,A,3-4-2-1,3,DEF,5,Coufal,https://mylineups.app/world-cup-2026/teams/czechia
Czechia,A,3-4-2-1,4,DEF,4,Hranác,https://mylineups.app/world-cup-2026/teams/czechia
Czechia,A,3-4-2-1,5,DEF,7,Krejcí,https://mylineups.app/world-cup-2026/teams/czechia
Czechia,A,3-4-2-1,6,MID,8,Darida,https://mylineups.app/world-cup-2026/teams/czechia
Czechia,A,3-4-2-1,7,MID,14,Jurásek,https://mylineups.app/world-cup-2026/teams/czechia
Czechia,A,3-4-2-1,8,MID,22,Soucek,https://mylineups.app/world-cup-2026/teams/czechia
Czechia,A,3-4-2-1,9,ATT,17,Provod,https://mylineups.app/world-cup-2026/teams/czechia
Czechia,A,3-4-2-1,10,ATT,10,Schick,https://mylineups.app/world-cup-2026/teams/czechia
Czechia,A,3-4-2-1,11,ATT,15,Sulc,https://mylineups.app/world-cup-2026/teams/czechia
Mexico,A,4-1-4-1,1,GK,1,Rangel,https://mylineups.app/world-cup-2026/teams/mexico
Mexico,A,4-1-4-1,2,DEF,23,Gallardo,https://mylineups.app/world-cup-2026/teams/mexico
Mexico,A,4-1-4-1,3,DEF,6,Lira,https://mylineups.app/world-cup-2026/teams/mexico
Mexico,A,4-1-4-1,4,DEF,3,Montes,https://mylineups.app/world-cup-2026/teams/mexico
Mexico,A,4-1-4-1,5,DEF,2,Sánchez,https://mylineups.app/world-cup-2026/teams/mexico
Mexico,A,4-1-4-1,6,DEF,5,Vásquez,https://mylineups.app/world-cup-2026/teams/mexico
Mexico,A,4-1-4-1,7,MID,25,Alvarado,https://mylineups.app/world-cup-2026/teams/mexico
Mexico,A,4-1-4-1,8,MID,8,Fidalgo,https://mylineups.app/world-cup-2026/teams/mexico
Mexico,A,4-1-4-1,9,MID,19,Mora,https://mylineups.app/world-cup-2026/teams/mexico
Mexico,A,4-1-4-1,10,ATT,9,Jiménez,https://mylineups.app/world-cup-2026/teams/mexico
Mexico,A,4-1-4-1,11,ATT,16,Quiñones,https://mylineups.app/world-cup-2026/teams/mexico
South Africa,A,4-2-3-1,1,GK,1,Williams,https://mylineups.app/world-cup-2026/teams/south-africa
South Africa,A,4-2-3-1,2,DEF,14,Mbokazi,https://mylineups.app/world-cup-2026/teams/south-africa
South Africa,A,4-2-3-1,3,DEF,6,Modiba,https://mylineups.app/world-cup-2026/teams/south-africa
South Africa,A,4-2-3-1,4,DEF,20,Mudau,https://mylineups.app/world-cup-2026/teams/south-africa
South Africa,A,4-2-3-1,5,DEF,21,Okon,https://mylineups.app/world-cup-2026/teams/south-africa
South Africa,A,4-2-3-1,6,MID,5,Mbatha,https://mylineups.app/world-cup-2026/teams/south-africa
South Africa,A,4-2-3-1,7,MID,4,Mokoena,https://mylineups.app/world-cup-2026/teams/south-africa
South Africa,A,4-2-3-1,8,ATT,7,Appollis,https://mylineups.app/world-cup-2026/teams/south-africa
South Africa,A,4-2-3-1,9,ATT,9,Foster,https://mylineups.app/world-cup-2026/teams/south-africa
South Africa,A,4-2-3-1,10,ATT,10,Mofokeng,https://mylineups.app/world-cup-2026/teams/south-africa
South Africa,A,4-2-3-1,11,ATT,8,Moremi,https://mylineups.app/world-cup-2026/teams/south-africa
South Korea,A,3-4-2-1,1,GK,1,Kim,https://mylineups.app/world-cup-2026/teams/south-korea
South Korea,A,3-4-2-1,2,DEF,4,Kim,https://mylineups.app/world-cup-2026/teams/south-korea
South Korea,A,3-4-2-1,3,DEF,5,Kim,https://mylineups.app/world-cup-2026/teams/south-korea
South Korea,A,3-4-2-1,4,DEF,2,Lee,https://mylineups.app/world-cup-2026/teams/south-korea
South Korea,A,3-4-2-1,5,DEF,22,Seol,https://mylineups.app/world-cup-2026/teams/south-korea
South Korea,A,3-4-2-1,6,MID,6,Hwang,https://mylineups.app/world-cup-2026/teams/south-korea
South Korea,A,3-4-2-1,7,MID,24,Kim,https://mylineups.app/world-cup-2026/teams/south-korea
South Korea,A,3-4-2-1,8,MID,19,Lee,https://mylineups.app/world-cup-2026/teams/south-korea
South Korea,A,3-4-2-1,9,MID,13,Lee,https://mylineups.app/world-cup-2026/teams/south-korea
South Korea,A,3-4-2-1,10,ATT,11,Hwang,https://mylineups.app/world-cup-2026/teams/south-korea
South Korea,A,3-4-2-1,11,ATT,7,Son,https://mylineups.app/world-cup-2026/teams/south-korea
Bosnia and Herzegovina,B,4-4-2,1,GK,1,Vasilj,https://mylineups.app/world-cup-2026/teams/bosnia-and-herzegovina
Bosnia and Herzegovina,B,4-4-2,2,DEF,7,Dedic,https://mylineups.app/world-cup-2026/teams/bosnia-and-herzegovina
Bosnia and Herzegovina,B,4-4-2,3,DEF,18,Katic,https://mylineups.app/world-cup-2026/teams/bosnia-and-herzegovina
Bosnia and Herzegovina,B,4-4-2,4,DEF,5,Kolasinac,https://mylineups.app/world-cup-2026/teams/bosnia-and-herzegovina
Bosnia and Herzegovina,B,4-4-2,5,DEF,4,Muharemovic,https://mylineups.app/world-cup-2026/teams/bosnia-and-herzegovina
Bosnia and Herzegovina,B,4-4-2,6,MID,15,Memic,https://mylineups.app/world-cup-2026/teams/bosnia-and-herzegovina
Bosnia and Herzegovina,B,4-4-2,7,MID,14,Sunjic,https://mylineups.app/world-cup-2026/teams/bosnia-and-herzegovina
Bosnia and Herzegovina,B,4-4-2,8,MID,6,Tahirovic,https://mylineups.app/world-cup-2026/teams/bosnia-and-herzegovina
Bosnia and Herzegovina,B,4-4-2,9,ATT,20,Bajraktarevic,https://mylineups.app/world-cup-2026/teams/bosnia-and-herzegovina
Bosnia and Herzegovina,B,4-4-2,10,ATT,10,Demirovic,https://mylineups.app/world-cup-2026/teams/bosnia-and-herzegovina
Bosnia and Herzegovina,B,4-4-2,11,ATT,11,Dzeko,https://mylineups.app/world-cup-2026/teams/bosnia-and-herzegovina
Canada,B,4-4-2,1,GK,16,Crépeau,https://mylineups.app/world-cup-2026/teams/canada
Canada,B,4-4-2,2,DEF,15,Bombito,https://mylineups.app/world-cup-2026/teams/canada
Canada,B,4-4-2,3,DEF,13,Cornelius,https://mylineups.app/world-cup-2026/teams/canada
Canada,B,4-4-2,4,DEF,2,Johnston,https://mylineups.app/world-cup-2026/teams/canada
Canada,B,4-4-2,5,DEF,22,Laryea,https://mylineups.app/world-cup-2026/teams/canada
Canada,B,4-4-2,6,MID,17,Buchanan,https://mylineups.app/world-cup-2026/teams/canada
Canada,B,4-4-2,7,MID,7,Eustaquio,https://mylineups.app/world-cup-2026/teams/canada
Canada,B,4-4-2,8,MID,8,Koné,https://mylineups.app/world-cup-2026/teams/canada
Canada,B,4-4-2,9,ATT,10,David,https://mylineups.app/world-cup-2026/teams/canada
Canada,B,4-4-2,10,ATT,9,Larin,https://mylineups.app/world-cup-2026/teams/canada
Canada,B,4-4-2,11,ATT,11,Millar,https://mylineups.app/world-cup-2026/teams/canada
Qatar,B,4-3-3,1,GK,22,Barsham,https://mylineups.app/world-cup-2026/teams/qatar
Qatar,B,4-3-3,2,DEF,18,Al Brake,https://mylineups.app/world-cup-2026/teams/qatar
Qatar,B,4-3-3,3,DEF,16,Khoukhi,https://mylineups.app/world-cup-2026/teams/qatar
Qatar,B,4-3-3,4,DEF,3,Mendes,https://mylineups.app/world-cup-2026/teams/qatar
Qatar,B,4-3-3,5,DEF,2,Miguel,https://mylineups.app/world-cup-2026/teams/qatar
Qatar,B,4-3-3,6,MID,26,Al Mannai,https://mylineups.app/world-cup-2026/teams/qatar
Qatar,B,4-3-3,7,MID,12,Boudiaf,https://mylineups.app/world-cup-2026/teams/qatar
Qatar,B,4-3-3,8,MID,23,Madibo,https://mylineups.app/world-cup-2026/teams/qatar
Qatar,B,4-3-3,9,ATT,11,Afif,https://mylineups.app/world-cup-2026/teams/qatar
Qatar,B,4-3-3,10,ATT,19,Ali,https://mylineups.app/world-cup-2026/teams/qatar
Qatar,B,4-3-3,11,ATT,8,Junior,https://mylineups.app/world-cup-2026/teams/qatar
Switzerland,B,4-2-3-1,1,GK,1,Kobel,https://mylineups.app/world-cup-2026/teams/switzerland
Switzerland,B,4-2-3-1,2,DEF,5,Akanji,https://mylineups.app/world-cup-2026/teams/switzerland
Switzerland,B,4-2-3-1,3,DEF,4,Elvedi,https://mylineups.app/world-cup-2026/teams/switzerland
Switzerland,B,4-2-3-1,4,DEF,13,Rodríguez,https://mylineups.app/world-cup-2026/teams/switzerland
Switzerland,B,4-2-3-1,5,MID,20,Aebischer,https://mylineups.app/world-cup-2026/teams/switzerland
Switzerland,B,4-2-3-1,6,MID,8,Freuler,https://mylineups.app/world-cup-2026/teams/switzerland
Switzerland,B,4-2-3-1,7,MID,22,Rieder,https://mylineups.app/world-cup-2026/teams/switzerland
Switzerland,B,4-2-3-1,8,MID,3,Widmer,https://mylineups.app/world-cup-2026/teams/switzerland
Switzerland,B,4-2-3-1,9,MID,10,Xhaka,https://mylineups.app/world-cup-2026/teams/switzerland
Switzerland,B,4-2-3-1,10,ATT,7,Embolo,https://mylineups.app/world-cup-2026/teams/switzerland
Switzerland,B,4-2-3-1,11,ATT,17,Vargas,https://mylineups.app/world-cup-2026/teams/switzerland
Brazil,C,4-4-2,1,GK,1,Alisson,https://mylineups.app/world-cup-2026/teams/brazil
Brazil,C,4-4-2,2,DEF,3,Gabriel,https://mylineups.app/world-cup-2026/teams/brazil
Brazil,C,4-4-2,3,DEF,4,Marquinhos,https://mylineups.app/world-cup-2026/teams/brazil
Brazil,C,4-4-2,4,DEF,6,Sandro,https://mylineups.app/world-cup-2026/teams/brazil
Brazil,C,4-4-2,5,MID,5,Casemiro,https://mylineups.app/world-cup-2026/teams/brazil
Brazil,C,4-4-2,6,MID,8,Guimarães,https://mylineups.app/world-cup-2026/teams/brazil
Brazil,C,4-4-2,7,MID,2,Wesley,https://mylineups.app/world-cup-2026/teams/brazil
Brazil,C,4-4-2,8,ATT,9,Cunha,https://mylineups.app/world-cup-2026/teams/brazil
Brazil,C,4-4-2,9,ATT,22,Martinelli,https://mylineups.app/world-cup-2026/teams/brazil
Brazil,C,4-4-2,10,ATT,11,Raphinha,https://mylineups.app/world-cup-2026/teams/brazil
Brazil,C,4-4-2,11,ATT,7,Vinicius,https://mylineups.app/world-cup-2026/teams/brazil
Haiti,C,4-2-3-1,1,GK,1,Placide,https://mylineups.app/world-cup-2026/teams/haiti
Haiti,C,4-2-3-1,2,DEF,4,Adé,https://mylineups.app/world-cup-2026/teams/haiti
Haiti,C,4-2-3-1,3,DEF,2,Arcus,https://mylineups.app/world-cup-2026/teams/haiti
Haiti,C,4-2-3-1,4,DEF,5,Delcroix,https://mylineups.app/world-cup-2026/teams/haiti
Haiti,C,4-2-3-1,5,DEF,13,Lacroix,https://mylineups.app/world-cup-2026/teams/haiti
Haiti,C,4-2-3-1,6,MID,10,Bellegarde,https://mylineups.app/world-cup-2026/teams/haiti
Haiti,C,4-2-3-1,7,MID,21,Casimir,https://mylineups.app/world-cup-2026/teams/haiti
Haiti,C,4-2-3-1,8,MID,11,Deedson Louicius,https://mylineups.app/world-cup-2026/teams/haiti
Haiti,C,4-2-3-1,9,MID,14,Pierre,https://mylineups.app/world-cup-2026/teams/haiti
Haiti,C,4-2-3-1,10,ATT,18,Isidor,https://mylineups.app/world-cup-2026/teams/haiti
Haiti,C,4-2-3-1,11,ATT,15,Providence,https://mylineups.app/world-cup-2026/teams/haiti
Morocco,C,4-3-3,1,GK,1,Bono,https://mylineups.app/world-cup-2026/teams/morocco
Morocco,C,4-3-3,2,DEF,5,Aguerd,https://mylineups.app/world-cup-2026/teams/morocco
Morocco,C,4-3-3,3,DEF,14,Diop,https://mylineups.app/world-cup-2026/teams/morocco
Morocco,C,4-3-3,4,DEF,2,Hakimi,https://mylineups.app/world-cup-2026/teams/morocco
Morocco,C,4-3-3,5,DEF,3,Mazraoui,https://mylineups.app/world-cup-2026/teams/morocco
Morocco,C,4-3-3,6,MID,24,El Aynaoui,https://mylineups.app/world-cup-2026/teams/morocco
Morocco,C,4-3-3,7,MID,23,El Khannouss,https://mylineups.app/world-cup-2026/teams/morocco
Morocco,C,4-3-3,8,MID,11,Saibari,https://mylineups.app/world-cup-2026/teams/morocco
Morocco,C,4-3-3,9,ATT,10,Brahim Diaz,https://mylineups.app/world-cup-2026/teams/morocco
Morocco,C,4-3-3,10,ATT,20,El Kaabi,https://mylineups.app/world-cup-2026/teams/morocco
Morocco,C,4-3-3,11,ATT,17,Ezzalzouli,https://mylineups.app/world-cup-2026/teams/morocco
Scotland,C,4-2-3-1,1,GK,1,Gunn,https://mylineups.app/world-cup-2026/teams/scotland
Scotland,C,4-2-3-1,2,DEF,2,Hickey,https://mylineups.app/world-cup-2026/teams/scotland
Scotland,C,4-2-3-1,3,DEF,26,McKenna,https://mylineups.app/world-cup-2026/teams/scotland
Scotland,C,4-2-3-1,4,DEF,3,Robertson,https://mylineups.app/world-cup-2026/teams/scotland
Scotland,C,4-2-3-1,5,DEF,15,Souttar,https://mylineups.app/world-cup-2026/teams/scotland
Scotland,C,4-2-3-1,6,MID,11,Christie,https://mylineups.app/world-cup-2026/teams/scotland
Scotland,C,4-2-3-1,7,MID,23,McLean,https://mylineups.app/world-cup-2026/teams/scotland
Scotland,C,4-2-3-1,8,MID,4,McTominay,https://mylineups.app/world-cup-2026/teams/scotland
Scotland,C,4-2-3-1,9,ATT,10,Adams,https://mylineups.app/world-cup-2026/teams/scotland
Scotland,C,4-2-3-1,10,ATT,17,Gannon-Doak,https://mylineups.app/world-cup-2026/teams/scotland
Scotland,C,4-2-3-1,11,ATT,7,McGinn,https://mylineups.app/world-cup-2026/teams/scotland
Australia,D,3-4-2-1,1,GK,1,Ryan,https://mylineups.app/world-cup-2026/teams/australia
Australia,D,3-4-2-1,2,DEF,5,Bos,https://mylineups.app/world-cup-2026/teams/australia
Australia,D,3-4-2-1,3,DEF,21,Burgess,https://mylineups.app/world-cup-2026/teams/australia
Australia,D,3-4-2-1,4,DEF,3,Circati,https://mylineups.app/world-cup-2026/teams/australia
Australia,D,3-4-2-1,5,DEF,19,Souttar,https://mylineups.app/world-cup-2026/teams/australia
Australia,D,3-4-2-1,6,MID,10,Hrustic,https://mylineups.app/world-cup-2026/teams/australia
Australia,D,3-4-2-1,7,MID,22,Irvine,https://mylineups.app/world-cup-2026/teams/australia
Australia,D,3-4-2-1,8,MID,4,Italiano,https://mylineups.app/world-cup-2026/teams/australia
Australia,D,3-4-2-1,9,MID,8,Metcalfe,https://mylineups.app/world-cup-2026/teams/australia
Australia,D,3-4-2-1,10,ATT,9,Touré,https://mylineups.app/world-cup-2026/teams/australia
Australia,D,3-4-2-1,11,ATT,20,Volpato,https://mylineups.app/world-cup-2026/teams/australia
Paraguay,D,4-2-3-1,1,GK,1,Fernández,https://mylineups.app/world-cup-2026/teams/paraguay
Paraguay,D,4-2-3-1,2,DEF,3,Alderete,https://mylineups.app/world-cup-2026/teams/paraguay
Paraguay,D,4-2-3-1,3,DEF,6,Alonso,https://mylineups.app/world-cup-2026/teams/paraguay
Paraguay,D,4-2-3-1,4,DEF,4,Cáceres,https://mylineups.app/world-cup-2026/teams/paraguay
Paraguay,D,4-2-3-1,5,DEF,15,Gómez,https://mylineups.app/world-cup-2026/teams/paraguay
Paraguay,D,4-2-3-1,6,MID,16,Bobadilla,https://mylineups.app/world-cup-2026/teams/paraguay
Paraguay,D,4-2-3-1,7,MID,14,Cubas,https://mylineups.app/world-cup-2026/teams/paraguay
Paraguay,D,4-2-3-1,8,MID,19,Enciso,https://mylineups.app/world-cup-2026/teams/paraguay
Paraguay,D,4-2-3-1,9,MID,8,Gómez,https://mylineups.app/world-cup-2026/teams/paraguay
Paraguay,D,4-2-3-1,10,ATT,10,Almirón,https://mylineups.app/world-cup-2026/teams/paraguay
Paraguay,D,4-2-3-1,11,ATT,9,Sanabria,https://mylineups.app/world-cup-2026/teams/paraguay
Turkiye,D,4-2-3-1,1,GK,23,Çakir,https://mylineups.app/world-cup-2026/teams/turkiye
Turkiye,D,4-2-3-1,2,DEF,14,Bardakci,https://mylineups.app/world-cup-2026/teams/turkiye
Turkiye,D,4-2-3-1,3,DEF,3,Demiral,https://mylineups.app/world-cup-2026/teams/turkiye
Turkiye,D,4-2-3-1,4,DEF,20,Kadioglu,https://mylineups.app/world-cup-2026/teams/turkiye
Turkiye,D,4-2-3-1,5,MID,10,Çalhanoglu,https://mylineups.app/world-cup-2026/teams/turkiye
Turkiye,D,4-2-3-1,6,MID,2,Çelik,https://mylineups.app/world-cup-2026/teams/turkiye
Turkiye,D,4-2-3-1,7,MID,8,Güler,https://mylineups.app/world-cup-2026/teams/turkiye
Turkiye,D,4-2-3-1,8,MID,11,Yildiz,https://mylineups.app/world-cup-2026/teams/turkiye
Turkiye,D,4-2-3-1,9,MID,16,Yüksek,https://mylineups.app/world-cup-2026/teams/turkiye
Turkiye,D,4-2-3-1,10,ATT,7,Aktürkoglu,https://mylineups.app/world-cup-2026/teams/turkiye
Turkiye,D,4-2-3-1,11,ATT,21,Baris Alper,https://mylineups.app/world-cup-2026/teams/turkiye
USA,D,3-4-2-1,1,GK,1,Turner,https://mylineups.app/world-cup-2026/teams/usa
USA,D,3-4-2-1,2,DEF,22,McKenzie,https://mylineups.app/world-cup-2026/teams/usa
USA,D,3-4-2-1,3,DEF,13,Ream,https://mylineups.app/world-cup-2026/teams/usa
USA,D,3-4-2-1,4,DEF,3,Richards,https://mylineups.app/world-cup-2026/teams/usa
USA,D,3-4-2-1,5,DEF,5,Robinson,https://mylineups.app/world-cup-2026/teams/usa
USA,D,3-4-2-1,6,MID,4,Adams,https://mylineups.app/world-cup-2026/teams/usa
USA,D,3-4-2-1,7,MID,8,McKennie,https://mylineups.app/world-cup-2026/teams/usa
USA,D,3-4-2-1,8,MID,17,Tillman,https://mylineups.app/world-cup-2026/teams/usa
USA,D,3-4-2-1,9,MID,21,Weah,https://mylineups.app/world-cup-2026/teams/usa
USA,D,3-4-2-1,10,ATT,20,Balogun,https://mylineups.app/world-cup-2026/teams/usa
USA,D,3-4-2-1,11,ATT,10,Pulisic,https://mylineups.app/world-cup-2026/teams/usa
Curacao,E,4-3-3,1,GK,1,Room,https://mylineups.app/world-cup-2026/teams/curacao
Curacao,E,4-3-3,2,DEF,5,Floranus,https://mylineups.app/world-cup-2026/teams/curacao
Curacao,E,4-3-3,3,DEF,3,Gaari,https://mylineups.app/world-cup-2026/teams/curacao
Curacao,E,4-3-3,4,DEF,18,Obispo,https://mylineups.app/world-cup-2026/teams/curacao
Curacao,E,4-3-3,5,DEF,2,Sambo,https://mylineups.app/world-cup-2026/teams/curacao
Curacao,E,4-3-3,6,MID,7,Bacuna,https://mylineups.app/world-cup-2026/teams/curacao
Curacao,E,4-3-3,7,MID,10,Bacuna,https://mylineups.app/world-cup-2026/teams/curacao
Curacao,E,4-3-3,8,MID,8,Comenencia,https://mylineups.app/world-cup-2026/teams/curacao
Curacao,E,4-3-3,9,ATT,11,Antonisse,https://mylineups.app/world-cup-2026/teams/curacao
Curacao,E,4-3-3,10,ATT,21,Chong,https://mylineups.app/world-cup-2026/teams/curacao
Curacao,E,4-3-3,11,ATT,19,Kastaneer,https://mylineups.app/world-cup-2026/teams/curacao
Ecuador,E,4-4-2,1,GK,1,Galíndez,https://mylineups.app/world-cup-2026/teams/ecuador
Ecuador,E,4-4-2,2,DEF,3,Hincapié,https://mylineups.app/world-cup-2026/teams/ecuador
Ecuador,E,4-4-2,3,DEF,4,Ordóñez,https://mylineups.app/world-cup-2026/teams/ecuador
Ecuador,E,4-4-2,4,DEF,6,Pacho,https://mylineups.app/world-cup-2026/teams/ecuador
Ecuador,E,4-4-2,5,MID,23,Caicedo,https://mylineups.app/world-cup-2026/teams/ecuador
Ecuador,E,4-4-2,6,MID,7,Estupinán,https://mylineups.app/world-cup-2026/teams/ecuador
Ecuador,E,4-4-2,7,MID,21,Franco,https://mylineups.app/world-cup-2026/teams/ecuador
Ecuador,E,4-4-2,8,MID,15,Vite,https://mylineups.app/world-cup-2026/teams/ecuador
Ecuador,E,4-4-2,9,ATT,20,Angulo,https://mylineups.app/world-cup-2026/teams/ecuador
Ecuador,E,4-4-2,10,ATT,19,Plata,https://mylineups.app/world-cup-2026/teams/ecuador
Ecuador,E,4-4-2,11,ATT,13,Valencia,https://mylineups.app/world-cup-2026/teams/ecuador
Germany,E,4-2-3-1,1,GK,1,Neuer,https://mylineups.app/world-cup-2026/teams/germany
Germany,E,4-2-3-1,2,DEF,22,Raum,https://mylineups.app/world-cup-2026/teams/germany
Germany,E,4-2-3-1,3,DEF,15,Schlotterbeck,https://mylineups.app/world-cup-2026/teams/germany
Germany,E,4-2-3-1,4,DEF,4,Tah,https://mylineups.app/world-cup-2026/teams/germany
Germany,E,4-2-3-1,5,MID,8,Goretzka,https://mylineups.app/world-cup-2026/teams/germany
Germany,E,4-2-3-1,6,MID,6,Kimmich,https://mylineups.app/world-cup-2026/teams/germany
Germany,E,4-2-3-1,7,MID,10,Musiala,https://mylineups.app/world-cup-2026/teams/germany
Germany,E,4-2-3-1,8,MID,5,Pavlovic,https://mylineups.app/world-cup-2026/teams/germany
Germany,E,4-2-3-1,9,ATT,7,Havertz,https://mylineups.app/world-cup-2026/teams/germany
Germany,E,4-2-3-1,10,ATT,25,Karl,https://mylineups.app/world-cup-2026/teams/germany
Germany,E,4-2-3-1,11,ATT,17,Wirtz,https://mylineups.app/world-cup-2026/teams/germany
Ivory Coast,E,4-3-3,1,GK,1,Fofana,https://mylineups.app/world-cup-2026/teams/ivory-coast
Ivory Coast,E,4-3-3,2,DEF,20,Agbadou,https://mylineups.app/world-cup-2026/teams/ivory-coast
Ivory Coast,E,4-3-3,3,DEF,17,Doué,https://mylineups.app/world-cup-2026/teams/ivory-coast
Ivory Coast,E,4-3-3,4,DEF,3,Konan,https://mylineups.app/world-cup-2026/teams/ivory-coast
Ivory Coast,E,4-3-3,5,DEF,7,Kossounou,https://mylineups.app/world-cup-2026/teams/ivory-coast
Ivory Coast,E,4-3-3,6,MID,15,Amad,https://mylineups.app/world-cup-2026/teams/ivory-coast
Ivory Coast,E,4-3-3,7,MID,6,Fofana,https://mylineups.app/world-cup-2026/teams/ivory-coast
Ivory Coast,E,4-3-3,8,MID,8,Kessié,https://mylineups.app/world-cup-2026/teams/ivory-coast
Ivory Coast,E,4-3-3,9,MID,18,Sangaré,https://mylineups.app/world-cup-2026/teams/ivory-coast
Ivory Coast,E,4-3-3,10,ATT,11,Diomande,https://mylineups.app/world-cup-2026/teams/ivory-coast
Ivory Coast,E,4-3-3,11,ATT,22,Guessand,https://mylineups.app/world-cup-2026/teams/ivory-coast
Japan,F,3-4-2-1,1,GK,1,Suzuki,https://mylineups.app/world-cup-2026/teams/japan
Japan,F,3-4-2-1,2,DEF,4,Itakura,https://mylineups.app/world-cup-2026/teams/japan
Japan,F,3-4-2-1,3,DEF,21,Ito,https://mylineups.app/world-cup-2026/teams/japan
Japan,F,3-4-2-1,4,DEF,22,Tomiyasu,https://mylineups.app/world-cup-2026/teams/japan
Japan,F,3-4-2-1,5,MID,10,Doan,https://mylineups.app/world-cup-2026/teams/japan
Japan,F,3-4-2-1,6,MID,6,Endo,https://mylineups.app/world-cup-2026/teams/japan
Japan,F,3-4-2-1,7,MID,15,Kamada,https://mylineups.app/world-cup-2026/teams/japan
Japan,F,3-4-2-1,8,ATT,14,Ito,https://mylineups.app/world-cup-2026/teams/japan
Japan,F,3-4-2-1,9,ATT,8,Kubo,https://mylineups.app/world-cup-2026/teams/japan
Japan,F,3-4-2-1,10,ATT,13,Nakamura,https://mylineups.app/world-cup-2026/teams/japan
Japan,F,3-4-2-1,11,ATT,18,Ueda,https://mylineups.app/world-cup-2026/teams/japan
Netherlands,F,4-2-3-1,1,GK,1,Verbruggen,https://mylineups.app/world-cup-2026/teams/netherlands
Netherlands,F,4-2-3-1,2,DEF,5,Aké,https://mylineups.app/world-cup-2026/teams/netherlands
Netherlands,F,4-2-3-1,3,DEF,15,Van de Ven,https://mylineups.app/world-cup-2026/teams/netherlands
Netherlands,F,4-2-3-1,4,DEF,4,van Dijk,https://mylineups.app/world-cup-2026/teams/netherlands
Netherlands,F,4-2-3-1,5,MID,21,de Jong,https://mylineups.app/world-cup-2026/teams/netherlands
Netherlands,F,4-2-3-1,6,MID,22,Dumfries,https://mylineups.app/world-cup-2026/teams/netherlands
Netherlands,F,4-2-3-1,7,MID,8,Gravenberch,https://mylineups.app/world-cup-2026/teams/netherlands
Netherlands,F,4-2-3-1,8,MID,14,Reijnders,https://mylineups.app/world-cup-2026/teams/netherlands
Netherlands,F,4-2-3-1,9,ATT,10,Depay,https://mylineups.app/world-cup-2026/teams/netherlands
Netherlands,F,4-2-3-1,10,ATT,11,Gakpo,https://mylineups.app/world-cup-2026/teams/netherlands
Netherlands,F,4-2-3-1,11,ATT,18,Malen,https://mylineups.app/world-cup-2026/teams/netherlands
Sweden,F,3-4-3,1,GK,23,Nordfeldt,https://mylineups.app/world-cup-2026/teams/sweden
Sweden,F,3-4-3,2,DEF,5,Gudmundsson,https://mylineups.app/world-cup-2026/teams/sweden
Sweden,F,3-4-3,3,DEF,4,Hien,https://mylineups.app/world-cup-2026/teams/sweden
Sweden,F,3-4-3,4,DEF,2,Lagerbielke,https://mylineups.app/world-cup-2026/teams/sweden
Sweden,F,3-4-3,5,DEF,3,Lindelöf,https://mylineups.app/world-cup-2026/teams/sweden
Sweden,F,3-4-3,6,MID,18,Ayari,https://mylineups.app/world-cup-2026/teams/sweden
Sweden,F,3-4-3,7,MID,16,Karlström,https://mylineups.app/world-cup-2026/teams/sweden
Sweden,F,3-4-3,8,MID,8,Svensson,https://mylineups.app/world-cup-2026/teams/sweden
Sweden,F,3-4-3,9,ATT,11,Elanga,https://mylineups.app/world-cup-2026/teams/sweden
Sweden,F,3-4-3,10,ATT,17,Gyökeres,https://mylineups.app/world-cup-2026/teams/sweden
Sweden,F,3-4-3,11,ATT,9,Isak,https://mylineups.app/world-cup-2026/teams/sweden
Tunisia,F,4-2-3-1,1,GK,16,Dahmen,https://mylineups.app/world-cup-2026/teams/tunisia
Tunisia,F,4-2-3-1,2,DEF,2,Abdi,https://mylineups.app/world-cup-2026/teams/tunisia
Tunisia,F,4-2-3-1,3,DEF,6,Bronn,https://mylineups.app/world-cup-2026/teams/tunisia
Tunisia,F,4-2-3-1,4,DEF,3,Talbi,https://mylineups.app/world-cup-2026/teams/tunisia
Tunisia,F,4-2-3-1,5,DEF,20,Valery,https://mylineups.app/world-cup-2026/teams/tunisia
Tunisia,F,4-2-3-1,6,MID,7,Achouri,https://mylineups.app/world-cup-2026/teams/tunisia
Tunisia,F,4-2-3-1,7,MID,25,Ben Slimane,https://mylineups.app/world-cup-2026/teams/tunisia
Tunisia,F,4-2-3-1,8,MID,10,Hannibal,https://mylineups.app/world-cup-2026/teams/tunisia
Tunisia,F,4-2-3-1,9,MID,13,Khedira,https://mylineups.app/world-cup-2026/teams/tunisia
Tunisia,F,4-2-3-1,10,MID,17,Skhiri,https://mylineups.app/world-cup-2026/teams/tunisia
Tunisia,F,4-2-3-1,11,ATT,8,Saad,https://mylineups.app/world-cup-2026/teams/tunisia
Belgium,G,4-2-3-1,1,GK,1,Courtois,https://mylineups.app/world-cup-2026/teams/belgium
Belgium,G,4-2-3-1,2,DEF,5,De Cuyper,https://mylineups.app/world-cup-2026/teams/belgium
Belgium,G,4-2-3-1,3,DEF,16,De Winter,https://mylineups.app/world-cup-2026/teams/belgium
Belgium,G,4-2-3-1,4,DEF,15,Meunier,https://mylineups.app/world-cup-2026/teams/belgium
Belgium,G,4-2-3-1,5,DEF,3,Theate,https://mylineups.app/world-cup-2026/teams/belgium
Belgium,G,4-2-3-1,6,MID,7,De Bruyne,https://mylineups.app/world-cup-2026/teams/belgium
Belgium,G,4-2-3-1,7,MID,17,De Ketelaere,https://mylineups.app/world-cup-2026/teams/belgium
Belgium,G,4-2-3-1,8,MID,24,Onana,https://mylineups.app/world-cup-2026/teams/belgium
Belgium,G,4-2-3-1,9,MID,8,Tielemans,https://mylineups.app/world-cup-2026/teams/belgium
Belgium,G,4-2-3-1,10,ATT,11,Doku,https://mylineups.app/world-cup-2026/teams/belgium
Belgium,G,4-2-3-1,11,ATT,10,Trossard,https://mylineups.app/world-cup-2026/teams/belgium
Egypt,G,4-2-3-1,1,GK,23,Shobeir,https://mylineups.app/world-cup-2026/teams/egypt
Egypt,G,4-2-3-1,2,DEF,6,Abdelmonem,https://mylineups.app/world-cup-2026/teams/egypt
Egypt,G,4-2-3-1,3,DEF,13,Fatouh,https://mylineups.app/world-cup-2026/teams/egypt
Egypt,G,4-2-3-1,4,DEF,3,Hany,https://mylineups.app/world-cup-2026/teams/egypt
Egypt,G,4-2-3-1,5,DEF,2,Ibrahim,https://mylineups.app/world-cup-2026/teams/egypt
Egypt,G,4-2-3-1,6,MID,8,Ashour,https://mylineups.app/world-cup-2026/teams/egypt
Egypt,G,4-2-3-1,7,MID,19,Attia,https://mylineups.app/world-cup-2026/teams/egypt
Egypt,G,4-2-3-1,8,MID,14,Fathy,https://mylineups.app/world-cup-2026/teams/egypt
Egypt,G,4-2-3-1,9,ATT,22,Marmoush,https://mylineups.app/world-cup-2026/teams/egypt
Egypt,G,4-2-3-1,10,ATT,10,Salah,https://mylineups.app/world-cup-2026/teams/egypt
Egypt,G,4-2-3-1,11,ATT,7,Trezeguet,https://mylineups.app/world-cup-2026/teams/egypt
Iran,G,4-3-3,1,GK,1,Beiranvand,https://mylineups.app/world-cup-2026/teams/iran
Iran,G,4-3-3,2,DEF,4,Khalilzadeh,https://mylineups.app/world-cup-2026/teams/iran
Iran,G,4-3-3,3,DEF,5,Mohammadi,https://mylineups.app/world-cup-2026/teams/iran
Iran,G,4-3-3,4,DEF,19,Nemati,https://mylineups.app/world-cup-2026/teams/iran
Iran,G,4-3-3,5,DEF,17,Yousefi,https://mylineups.app/world-cup-2026/teams/iran
Iran,G,4-3-3,6,MID,6,Ezatolahi,https://mylineups.app/world-cup-2026/teams/iran
Iran,G,4-3-3,7,MID,14,Ghoddos,https://mylineups.app/world-cup-2026/teams/iran
Iran,G,4-3-3,8,ATT,10,Ghayedi,https://mylineups.app/world-cup-2026/teams/iran
Iran,G,4-3-3,9,ATT,18,Hosseinzadeh,https://mylineups.app/world-cup-2026/teams/iran
Iran,G,4-3-3,10,ATT,8,Mohebi,https://mylineups.app/world-cup-2026/teams/iran
Iran,G,4-3-3,11,ATT,9,Taremi,https://mylineups.app/world-cup-2026/teams/iran
New Zealand,G,4-2-3-1,1,GK,1,Crocombe,https://mylineups.app/world-cup-2026/teams/new-zealand
New Zealand,G,4-2-3-1,2,DEF,4,Bindon,https://mylineups.app/world-cup-2026/teams/new-zealand
New Zealand,G,4-2-3-1,3,DEF,5,Boxall,https://mylineups.app/world-cup-2026/teams/new-zealand
New Zealand,G,4-2-3-1,4,DEF,19,Old,https://mylineups.app/world-cup-2026/teams/new-zealand
New Zealand,G,4-2-3-1,5,MID,6,Bell,https://mylineups.app/world-cup-2026/teams/new-zealand
New Zealand,G,4-2-3-1,6,MID,13,Cacace,https://mylineups.app/world-cup-2026/teams/new-zealand
New Zealand,G,4-2-3-1,7,MID,7,Garbett,https://mylineups.app/world-cup-2026/teams/new-zealand
New Zealand,G,4-2-3-1,8,MID,10,Singh,https://mylineups.app/world-cup-2026/teams/new-zealand
New Zealand,G,4-2-3-1,9,MID,8,Stamenic,https://mylineups.app/world-cup-2026/teams/new-zealand
New Zealand,G,4-2-3-1,10,ATT,11,Just,https://mylineups.app/world-cup-2026/teams/new-zealand
New Zealand,G,4-2-3-1,11,ATT,9,Wood,https://mylineups.app/world-cup-2026/teams/new-zealand
Cape Verde,H,4-2-3-1,1,GK,1,Vozinha,https://mylineups.app/world-cup-2026/teams/cape-verde
Cape Verde,H,4-2-3-1,2,DEF,5,Costa,https://mylineups.app/world-cup-2026/teams/cape-verde
Cape Verde,H,4-2-3-1,3,DEF,4,Lopes,https://mylineups.app/world-cup-2026/teams/cape-verde
Cape Verde,H,4-2-3-1,4,DEF,22,Moreira,https://mylineups.app/world-cup-2026/teams/cape-verde
Cape Verde,H,4-2-3-1,5,MID,10,Monteiro,https://mylineups.app/world-cup-2026/teams/cape-verde
Cape Verde,H,4-2-3-1,6,MID,8,Paulo,https://mylineups.app/world-cup-2026/teams/cape-verde
Cape Verde,H,4-2-3-1,7,MID,6,Pina,https://mylineups.app/world-cup-2026/teams/cape-verde
Cape Verde,H,4-2-3-1,8,MID,16,Semedo,https://mylineups.app/world-cup-2026/teams/cape-verde
Cape Verde,H,4-2-3-1,9,ATT,7,Cabral,https://mylineups.app/world-cup-2026/teams/cape-verde
Cape Verde,H,4-2-3-1,10,ATT,19,Livramento,https://mylineups.app/world-cup-2026/teams/cape-verde
Cape Verde,H,4-2-3-1,11,ATT,20,Mendes,https://mylineups.app/world-cup-2026/teams/cape-verde
Saudi Arabia,H,4-2-3-1,1,GK,21,Al Owais,https://mylineups.app/world-cup-2026/teams/saudi-arabia
Saudi Arabia,H,4-2-3-1,2,DEF,5,Al Tambakti,https://mylineups.app/world-cup-2026/teams/saudi-arabia
Saudi Arabia,H,4-2-3-1,3,DEF,13,Al-Boushail,https://mylineups.app/world-cup-2026/teams/saudi-arabia
Saudi Arabia,H,4-2-3-1,4,DEF,3,Lajami,https://mylineups.app/world-cup-2026/teams/saudi-arabia
Saudi Arabia,H,4-2-3-1,5,MID,12,Abdulhamid,https://mylineups.app/world-cup-2026/teams/saudi-arabia
Saudi Arabia,H,4-2-3-1,6,MID,6,Al-Dawsari,https://mylineups.app/world-cup-2026/teams/saudi-arabia
Saudi Arabia,H,4-2-3-1,7,MID,7,Al-Juwayr,https://mylineups.app/world-cup-2026/teams/saudi-arabia
Saudi Arabia,H,4-2-3-1,8,MID,15,Alkhaibari,https://mylineups.app/world-cup-2026/teams/saudi-arabia
Saudi Arabia,H,4-2-3-1,9,MID,23,Kanno,https://mylineups.app/world-cup-2026/teams/saudi-arabia
Saudi Arabia,H,4-2-3-1,10,ATT,9,Al-Buraikan,https://mylineups.app/world-cup-2026/teams/saudi-arabia
Saudi Arabia,H,4-2-3-1,11,ATT,10,Al-Dawsari,https://mylineups.app/world-cup-2026/teams/saudi-arabia
Spain,H,4-3-3,1,GK,23,Simón,https://mylineups.app/world-cup-2026/teams/spain
Spain,H,4-3-3,2,DEF,22,Cubarsí,https://mylineups.app/world-cup-2026/teams/spain
Spain,H,4-3-3,3,DEF,24,Cucurella,https://mylineups.app/world-cup-2026/teams/spain
Spain,H,4-3-3,4,DEF,14,Laporte,https://mylineups.app/world-cup-2026/teams/spain
Spain,H,4-3-3,5,DEF,12,Porro,https://mylineups.app/world-cup-2026/teams/spain
Spain,H,4-3-3,6,MID,10,Olmo,https://mylineups.app/world-cup-2026/teams/spain
Spain,H,4-3-3,7,MID,20,Pedri,https://mylineups.app/world-cup-2026/teams/spain
Spain,H,4-3-3,8,MID,16,Rodri,https://mylineups.app/world-cup-2026/teams/spain
Spain,H,4-3-3,9,MID,8,Ruiz,https://mylineups.app/world-cup-2026/teams/spain
Spain,H,4-3-3,10,ATT,19,Lamine Yamal,https://mylineups.app/world-cup-2026/teams/spain
Spain,H,4-3-3,11,ATT,21,Oyarzabal,https://mylineups.app/world-cup-2026/teams/spain
Uruguay,H,4-4-1-1,1,GK,23,Muslera,https://mylineups.app/world-cup-2026/teams/uruguay
Uruguay,H,4-4-1-1,2,DEF,4,Araujo,https://mylineups.app/world-cup-2026/teams/uruguay
Uruguay,H,4-4-1-1,3,DEF,20,Araújo,https://mylineups.app/world-cup-2026/teams/uruguay
Uruguay,H,4-4-1-1,4,DEF,2,Giménez,https://mylineups.app/world-cup-2026/teams/uruguay
Uruguay,H,4-4-1-1,5,DEF,16,Olivera,https://mylineups.app/world-cup-2026/teams/uruguay
Uruguay,H,4-4-1-1,6,DEF,13,Varela,https://mylineups.app/world-cup-2026/teams/uruguay
Uruguay,H,4-4-1-1,7,MID,6,Bentancur,https://mylineups.app/world-cup-2026/teams/uruguay
Uruguay,H,4-4-1-1,8,MID,10,de Arrascaeta,https://mylineups.app/world-cup-2026/teams/uruguay
Uruguay,H,4-4-1-1,9,MID,5,Ugarte,https://mylineups.app/world-cup-2026/teams/uruguay
Uruguay,H,4-4-1-1,10,MID,8,Valverde,https://mylineups.app/world-cup-2026/teams/uruguay
Uruguay,H,4-4-1-1,11,ATT,9,Núñez,https://mylineups.app/world-cup-2026/teams/uruguay
France,I,4-2-3-1,1,GK,16,Maignan,https://mylineups.app/world-cup-2026/teams/france
France,I,4-2-3-1,2,DEF,19,Hernández,https://mylineups.app/world-cup-2026/teams/france
France,I,4-2-3-1,3,DEF,5,Koundé,https://mylineups.app/world-cup-2026/teams/france
France,I,4-2-3-1,4,DEF,17,Saliba,https://mylineups.app/world-cup-2026/teams/france
France,I,4-2-3-1,5,DEF,4,Upamecano,https://mylineups.app/world-cup-2026/teams/france
France,I,4-2-3-1,6,MID,14,Rabiot,https://mylineups.app/world-cup-2026/teams/france
France,I,4-2-3-1,7,MID,8,Tchouaméni,https://mylineups.app/world-cup-2026/teams/france
France,I,4-2-3-1,8,ATT,7,Dembélé,https://mylineups.app/world-cup-2026/teams/france
France,I,4-2-3-1,9,ATT,20,Doué,https://mylineups.app/world-cup-2026/teams/france
France,I,4-2-3-1,10,ATT,10,Mbappé,https://mylineups.app/world-cup-2026/teams/france
France,I,4-2-3-1,11,ATT,11,Olise,https://mylineups.app/world-cup-2026/teams/france
Iraq,I,4-4-2,1,GK,12,Hassan,https://mylineups.app/world-cup-2026/teams/iraq
Iraq,I,4-4-2,2,DEF,3,Ali,https://mylineups.app/world-cup-2026/teams/iraq
Iraq,I,4-4-2,3,DEF,23,Doski,https://mylineups.app/world-cup-2026/teams/iraq
Iraq,I,4-4-2,4,DEF,2,Sulaka,https://mylineups.app/world-cup-2026/teams/iraq
Iraq,I,4-4-2,5,DEF,4,Tahseen,https://mylineups.app/world-cup-2026/teams/iraq
Iraq,I,4-4-2,6,MID,16,Al-Ammari,https://mylineups.app/world-cup-2026/teams/iraq
Iraq,I,4-4-2,7,MID,8,Bayesh,https://mylineups.app/world-cup-2026/teams/iraq
Iraq,I,4-4-2,8,MID,14,Iqbal,https://mylineups.app/world-cup-2026/teams/iraq
Iraq,I,4-4-2,9,ATT,9,Al Hamadi,https://mylineups.app/world-cup-2026/teams/iraq
Iraq,I,4-4-2,10,ATT,7,Amyn,https://mylineups.app/world-cup-2026/teams/iraq
Iraq,I,4-4-2,11,ATT,18,Hussein,https://mylineups.app/world-cup-2026/teams/iraq
Norway,I,4-3-3,1,GK,1,Nyland,https://mylineups.app/world-cup-2026/teams/norway
Norway,I,4-3-3,2,DEF,3,Ajer,https://mylineups.app/world-cup-2026/teams/norway
Norway,I,4-3-3,3,DEF,17,Heggem,https://mylineups.app/world-cup-2026/teams/norway
Norway,I,4-3-3,4,DEF,5,Møller Wolfe,https://mylineups.app/world-cup-2026/teams/norway
Norway,I,4-3-3,5,MID,6,Berg,https://mylineups.app/world-cup-2026/teams/norway
Norway,I,4-3-3,6,MID,8,Berge,https://mylineups.app/world-cup-2026/teams/norway
Norway,I,4-3-3,7,MID,10,Ødegaard,https://mylineups.app/world-cup-2026/teams/norway
Norway,I,4-3-3,8,MID,26,Ryerson,https://mylineups.app/world-cup-2026/teams/norway
Norway,I,4-3-3,9,ATT,9,Haaland,https://mylineups.app/world-cup-2026/teams/norway
Norway,I,4-3-3,10,ATT,20,Nusa,https://mylineups.app/world-cup-2026/teams/norway
Norway,I,4-3-3,11,ATT,7,Sørloth,https://mylineups.app/world-cup-2026/teams/norway
Senegal,I,4-3-3,1,GK,16,Mendy,https://mylineups.app/world-cup-2026/teams/senegal
Senegal,I,4-3-3,2,DEF,15,Diatta,https://mylineups.app/world-cup-2026/teams/senegal
Senegal,I,4-3-3,3,DEF,25,Diouf,https://mylineups.app/world-cup-2026/teams/senegal
Senegal,I,4-3-3,4,DEF,3,Koulibaly,https://mylineups.app/world-cup-2026/teams/senegal
Senegal,I,4-3-3,5,DEF,19,Niakhaté,https://mylineups.app/world-cup-2026/teams/senegal
Senegal,I,4-3-3,6,MID,21,Diarra,https://mylineups.app/world-cup-2026/teams/senegal
Senegal,I,4-3-3,7,MID,5,Gana Gueye,https://mylineups.app/world-cup-2026/teams/senegal
Senegal,I,4-3-3,8,MID,26,Gueye,https://mylineups.app/world-cup-2026/teams/senegal
Senegal,I,4-3-3,9,MID,10,Mané,https://mylineups.app/world-cup-2026/teams/senegal
Senegal,I,4-3-3,10,ATT,11,Jackson,https://mylineups.app/world-cup-2026/teams/senegal
Senegal,I,4-3-3,11,ATT,13,Ndiaye,https://mylineups.app/world-cup-2026/teams/senegal
Algeria,J,4-2-3-1,1,GK,23,Zidane,https://mylineups.app/world-cup-2026/teams/algeria
Algeria,J,4-2-3-1,2,DEF,15,Ait Nouri,https://mylineups.app/world-cup-2026/teams/algeria
Algeria,J,4-2-3-1,3,DEF,21,Bensebaini,https://mylineups.app/world-cup-2026/teams/algeria
Algeria,J,4-2-3-1,4,DEF,2,Mandi,https://mylineups.app/world-cup-2026/teams/algeria
Algeria,J,4-2-3-1,5,MID,8,Aouar,https://mylineups.app/world-cup-2026/teams/algeria
Algeria,J,4-2-3-1,6,MID,17,Belghali,https://mylineups.app/world-cup-2026/teams/algeria
Algeria,J,4-2-3-1,7,MID,14,Boudaoui,https://mylineups.app/world-cup-2026/teams/algeria
Algeria,J,4-2-3-1,8,MID,10,Chaïbi,https://mylineups.app/world-cup-2026/teams/algeria
Algeria,J,4-2-3-1,9,ATT,18,Amoura,https://mylineups.app/world-cup-2026/teams/algeria
Algeria,J,4-2-3-1,10,ATT,9,Gouiri,https://mylineups.app/world-cup-2026/teams/algeria
Algeria,J,4-2-3-1,11,ATT,7,Mahrez,https://mylineups.app/world-cup-2026/teams/algeria
Argentina,J,4-3-3,1,GK,23,Martínez,https://mylineups.app/world-cup-2026/teams/argentina
Argentina,J,4-3-3,2,DEF,6,Martínez,https://mylineups.app/world-cup-2026/teams/argentina
Argentina,J,4-3-3,3,DEF,26,Molina,https://mylineups.app/world-cup-2026/teams/argentina
Argentina,J,4-3-3,4,DEF,19,Otamendi,https://mylineups.app/world-cup-2026/teams/argentina
Argentina,J,4-3-3,5,DEF,3,Tagliafico,https://mylineups.app/world-cup-2026/teams/argentina
Argentina,J,4-3-3,6,MID,7,De Paul,https://mylineups.app/world-cup-2026/teams/argentina
Argentina,J,4-3-3,7,MID,24,Fernández,https://mylineups.app/world-cup-2026/teams/argentina
Argentina,J,4-3-3,8,MID,15,González,https://mylineups.app/world-cup-2026/teams/argentina
Argentina,J,4-3-3,9,MID,20,Mac Allister,https://mylineups.app/world-cup-2026/teams/argentina
Argentina,J,4-3-3,10,ATT,9,Álvarez,https://mylineups.app/world-cup-2026/teams/argentina
Argentina,J,4-3-3,11,ATT,10,Messi,https://mylineups.app/world-cup-2026/teams/argentina
Austria,J,4-2-3-1,1,GK,1,Schlager,https://mylineups.app/world-cup-2026/teams/austria
Austria,J,4-2-3-1,2,DEF,8,Alaba,https://mylineups.app/world-cup-2026/teams/austria
Austria,J,4-2-3-1,3,DEF,20,Laimer,https://mylineups.app/world-cup-2026/teams/austria
Austria,J,4-2-3-1,4,DEF,15,Lienhart,https://mylineups.app/world-cup-2026/teams/austria
Austria,J,4-2-3-1,5,MID,16,Mwene,https://mylineups.app/world-cup-2026/teams/austria
Austria,J,4-2-3-1,6,MID,9,Sabitzer,https://mylineups.app/world-cup-2026/teams/austria
Austria,J,4-2-3-1,7,MID,4,Schlager,https://mylineups.app/world-cup-2026/teams/austria
Austria,J,4-2-3-1,8,MID,18,Schmid,https://mylineups.app/world-cup-2026/teams/austria
Austria,J,4-2-3-1,9,MID,6,Seiwald,https://mylineups.app/world-cup-2026/teams/austria
Austria,J,4-2-3-1,10,ATT,7,Arnautovic,https://mylineups.app/world-cup-2026/teams/austria
Austria,J,4-2-3-1,11,ATT,11,Gregoritsch,https://mylineups.app/world-cup-2026/teams/austria
Jordan,J,3-4-3,1,GK,1,Abulaila,https://mylineups.app/world-cup-2026/teams/jordan
Jordan,J,3-4-3,2,DEF,4,Abu Dahab,https://mylineups.app/world-cup-2026/teams/jordan
Jordan,J,3-4-3,3,DEF,5,Al Arab,https://mylineups.app/world-cup-2026/teams/jordan
Jordan,J,3-4-3,4,DEF,3,Nasib,https://mylineups.app/world-cup-2026/teams/jordan
Jordan,J,3-4-3,5,MID,20,Abu Taha,https://mylineups.app/world-cup-2026/teams/jordan
Jordan,J,3-4-3,6,MID,13,Al Mardi,https://mylineups.app/world-cup-2026/teams/jordan
Jordan,J,3-4-3,7,MID,21,Al Rashdan,https://mylineups.app/world-cup-2026/teams/jordan
Jordan,J,3-4-3,8,MID,8,Al Rawabdeh,https://mylineups.app/world-cup-2026/teams/jordan
Jordan,J,3-4-3,9,MID,23,Haddad,https://mylineups.app/world-cup-2026/teams/jordan
Jordan,J,3-4-3,10,MID,10,Tamari,https://mylineups.app/world-cup-2026/teams/jordan
Jordan,J,3-4-3,11,ATT,9,Olwan,https://mylineups.app/world-cup-2026/teams/jordan
Colombia,K,4-2-3-1,1,GK,12,Vargas,https://mylineups.app/world-cup-2026/teams/colombia
Colombia,K,4-2-3-1,2,DEF,3,Lucumí,https://mylineups.app/world-cup-2026/teams/colombia
Colombia,K,4-2-3-1,3,DEF,17,Mojica,https://mylineups.app/world-cup-2026/teams/colombia
Colombia,K,4-2-3-1,4,DEF,23,Sánchez,https://mylineups.app/world-cup-2026/teams/colombia
Colombia,K,4-2-3-1,5,MID,16,Lerma,https://mylineups.app/world-cup-2026/teams/colombia
Colombia,K,4-2-3-1,6,MID,2,Muñoz,https://mylineups.app/world-cup-2026/teams/colombia
Colombia,K,4-2-3-1,7,MID,6,Ríos,https://mylineups.app/world-cup-2026/teams/colombia
Colombia,K,4-2-3-1,8,MID,10,Rodríguez,https://mylineups.app/world-cup-2026/teams/colombia
Colombia,K,4-2-3-1,9,ATT,11,Arias,https://mylineups.app/world-cup-2026/teams/colombia
Colombia,K,4-2-3-1,10,ATT,7,Luis Diaz,https://mylineups.app/world-cup-2026/teams/colombia
Colombia,K,4-2-3-1,11,ATT,25,Suárez,https://mylineups.app/world-cup-2026/teams/colombia
DR Congo,K,4-4-2,1,GK,1,Mpasi-Nzau,https://mylineups.app/world-cup-2026/teams/dr-congo
DR Congo,K,4-4-2,2,DEF,26,Masuaku,https://mylineups.app/world-cup-2026/teams/dr-congo
DR Congo,K,4-4-2,3,DEF,22,Mbemba,https://mylineups.app/world-cup-2026/teams/dr-congo
DR Congo,K,4-4-2,4,DEF,4,Tuanzebe,https://mylineups.app/world-cup-2026/teams/dr-congo
DR Congo,K,4-4-2,5,DEF,2,Wan-Bissaka,https://mylineups.app/world-cup-2026/teams/dr-congo
DR Congo,K,4-4-2,6,MID,8,Moutoussamy,https://mylineups.app/world-cup-2026/teams/dr-congo
DR Congo,K,4-4-2,7,MID,14,Sadiki,https://mylineups.app/world-cup-2026/teams/dr-congo
DR Congo,K,4-4-2,8,ATT,17,Bakambu,https://mylineups.app/world-cup-2026/teams/dr-congo
DR Congo,K,4-4-2,9,ATT,13,Elia,https://mylineups.app/world-cup-2026/teams/dr-congo
DR Congo,K,4-4-2,10,ATT,7,Mbuku,https://mylineups.app/world-cup-2026/teams/dr-congo
DR Congo,K,4-4-2,11,ATT,20,Wissa,https://mylineups.app/world-cup-2026/teams/dr-congo
Portugal,K,4-2-3-1,1,GK,1,Costa,https://mylineups.app/world-cup-2026/teams/portugal
Portugal,K,4-2-3-1,2,DEF,20,Cancelo,https://mylineups.app/world-cup-2026/teams/portugal
Portugal,K,4-2-3-1,3,DEF,3,Dias,https://mylineups.app/world-cup-2026/teams/portugal
Portugal,K,4-2-3-1,4,DEF,14,Inácio,https://mylineups.app/world-cup-2026/teams/portugal
Portugal,K,4-2-3-1,5,DEF,25,Mendes,https://mylineups.app/world-cup-2026/teams/portugal
Portugal,K,4-2-3-1,6,MID,8,Fernandes,https://mylineups.app/world-cup-2026/teams/portugal
Portugal,K,4-2-3-1,7,MID,15,Neves,https://mylineups.app/world-cup-2026/teams/portugal
Portugal,K,4-2-3-1,8,MID,10,Silva,https://mylineups.app/world-cup-2026/teams/portugal
Portugal,K,4-2-3-1,9,MID,23,Vitinha,https://mylineups.app/world-cup-2026/teams/portugal
Portugal,K,4-2-3-1,10,ATT,17,Leão,https://mylineups.app/world-cup-2026/teams/portugal
Portugal,K,4-2-3-1,11,ATT,7,Ronaldo,https://mylineups.app/world-cup-2026/teams/portugal
Uzbekistan,K,3-4-2-1,1,GK,1,Yusupov,https://mylineups.app/world-cup-2026/teams/uzbekistan
Uzbekistan,K,3-4-2-1,2,DEF,3,Alidzhanov,https://mylineups.app/world-cup-2026/teams/uzbekistan
Uzbekistan,K,3-4-2-1,3,DEF,5,Ashurmatov,https://mylineups.app/world-cup-2026/teams/uzbekistan
Uzbekistan,K,3-4-2-1,4,DEF,2,Khusanov,https://mylineups.app/world-cup-2026/teams/uzbekistan
Uzbekistan,K,3-4-2-1,5,DEF,13,Nasrulloev,https://mylineups.app/world-cup-2026/teams/uzbekistan
Uzbekistan,K,3-4-2-1,6,MID,18,Abdullaev,https://mylineups.app/world-cup-2026/teams/uzbekistan
Uzbekistan,K,3-4-2-1,7,MID,9,Khamrobekov,https://mylineups.app/world-cup-2026/teams/uzbekistan
Uzbekistan,K,3-4-2-1,8,MID,14,Shomurodov,https://mylineups.app/world-cup-2026/teams/uzbekistan
Uzbekistan,K,3-4-2-1,9,MID,7,Shukurov,https://mylineups.app/world-cup-2026/teams/uzbekistan
Uzbekistan,K,3-4-2-1,10,MID,11,Urunov,https://mylineups.app/world-cup-2026/teams/uzbekistan
Uzbekistan,K,3-4-2-1,11,ATT,22,Fayzullayev,https://mylineups.app/world-cup-2026/teams/uzbekistan
Croatia,L,4-2-3-1,1,GK,1,Livakovic,https://mylineups.app/world-cup-2026/teams/croatia
Croatia,L,4-2-3-1,2,DEF,5,Caleta-Car,https://mylineups.app/world-cup-2026/teams/croatia
Croatia,L,4-2-3-1,3,DEF,4,Gvardiol,https://mylineups.app/world-cup-2026/teams/croatia
Croatia,L,4-2-3-1,4,DEF,2,Stanisic,https://mylineups.app/world-cup-2026/teams/croatia
Croatia,L,4-2-3-1,5,DEF,22,Vuskovic,https://mylineups.app/world-cup-2026/teams/croatia
Croatia,L,4-2-3-1,6,MID,8,Kovacic,https://mylineups.app/world-cup-2026/teams/croatia
Croatia,L,4-2-3-1,7,MID,9,Kramaric,https://mylineups.app/world-cup-2026/teams/croatia
Croatia,L,4-2-3-1,8,MID,10,Modric,https://mylineups.app/world-cup-2026/teams/croatia
Croatia,L,4-2-3-1,9,MID,15,Pasalic,https://mylineups.app/world-cup-2026/teams/croatia
Croatia,L,4-2-3-1,10,ATT,11,Budimir,https://mylineups.app/world-cup-2026/teams/croatia
Croatia,L,4-2-3-1,11,ATT,14,Perisic,https://mylineups.app/world-cup-2026/teams/croatia
England,L,4-2-3-1,1,GK,1,Pickford,https://mylineups.app/world-cup-2026/teams/england
England,L,4-2-3-1,2,DEF,6,Guéhi,https://mylineups.app/world-cup-2026/teams/england
England,L,4-2-3-1,3,DEF,24,James,https://mylineups.app/world-cup-2026/teams/england
England,L,4-2-3-1,4,DEF,2,Konsa,https://mylineups.app/world-cup-2026/teams/england
England,L,4-2-3-1,5,DEF,3,O'Reilly,https://mylineups.app/world-cup-2026/teams/england
England,L,4-2-3-1,6,MID,8,Anderson,https://mylineups.app/world-cup-2026/teams/england
England,L,4-2-3-1,7,MID,10,Bellingham,https://mylineups.app/world-cup-2026/teams/england
England,L,4-2-3-1,8,MID,4,Rice,https://mylineups.app/world-cup-2026/teams/england
England,L,4-2-3-1,9,ATT,9,Kane,https://mylineups.app/world-cup-2026/teams/england
England,L,4-2-3-1,10,ATT,11,Rashford,https://mylineups.app/world-cup-2026/teams/england
England,L,4-2-3-1,11,ATT,7,Saka,https://mylineups.app/world-cup-2026/teams/england
Ghana,L,3-4-2-1,1,GK,16,Asare,https://mylineups.app/world-cup-2026/teams/ghana
Ghana,L,3-4-2-1,2,DEF,4,Adjetey,https://mylineups.app/world-cup-2026/teams/ghana
Ghana,L,3-4-2-1,3,DEF,14,Mensah,https://mylineups.app/world-cup-2026/teams/ghana
Ghana,L,3-4-2-1,4,DEF,18,Opoku,https://mylineups.app/world-cup-2026/teams/ghana
Ghana,L,3-4-2-1,5,DEF,21,Peprah Oppong,https://mylineups.app/world-cup-2026/teams/ghana
Ghana,L,3-4-2-1,6,MID,5,Partey,https://mylineups.app/world-cup-2026/teams/ghana
Ghana,L,3-4-2-1,7,MID,8,Sibo,https://mylineups.app/world-cup-2026/teams/ghana
Ghana,L,3-4-2-1,8,MID,3,Yirenkyi,https://mylineups.app/world-cup-2026/teams/ghana
Ghana,L,3-4-2-1,9,ATT,9,Ayew,https://mylineups.app/world-cup-2026/teams/ghana
Ghana,L,3-4-2-1,10,ATT,11,Semenyo,https://mylineups.app/world-cup-2026/teams/ghana
Ghana,L,3-4-2-1,11,ATT,19,Williams,https://mylineups.app/world-cup-2026/teams/ghana
Panama,L,3-4-2-1,1,GK,22,Mosquera,https://mylineups.app/world-cup-2026/teams/panama
Panama,L,3-4-2-1,2,DEF,16,Andrade,https://mylineups.app/world-cup-2026/teams/panama
Panama,L,3-4-2-1,3,DEF,3,Córdoba,https://mylineups.app/world-cup-2026/teams/panama
Panama,L,3-4-2-1,4,DEF,14,Harvey,https://mylineups.app/world-cup-2026/teams/panama
Panama,L,3-4-2-1,5,DEF,23,Murillo,https://mylineups.app/world-cup-2026/teams/panama
Panama,L,3-4-2-1,6,MID,15,Davis,https://mylineups.app/world-cup-2026/teams/panama
Panama,L,3-4-2-1,7,MID,20,Godoy,https://mylineups.app/world-cup-2026/teams/panama
Panama,L,3-4-2-1,8,MID,6,Martínez,https://mylineups.app/world-cup-2026/teams/panama
Panama,L,3-4-2-1,9,ATT,10,Díaz,https://mylineups.app/world-cup-2026/teams/panama
Panama,L,3-4-2-1,10,ATT,7,Rodriguez,https://mylineups.app/world-cup-2026/teams/panama
Panama,L,3-4-2-1,11,ATT,18,Waterman,https://mylineups.app/world-cup-2026/teams/panama
